INSERT INTO `card` (`id`, `slug`, `text`, `_super`) VALUES
(77, 'openmic-w104-pechichemena-el-molino', '{"title":"El Molino","subtitle":"by @pechichemena for Steemit OpenMic"}', '{"id":77,"publisher":{"id":1},"creator":{"id":1},"edition":{"id":77},"deployable":true,"steem":{"empty":true},"steem_votes":0,"type":"collection"}'),
(78, 'openmic-w104-shookriya-steemit-open-mic-check', '{"title":"Steemit Open Mic Check","subtitle":"by @shookriya for Steemit OpenMic"}', '{"id":78,"publisher":{"id":1},"creator":{"id":1},"edition":{"id":78},"deployable":true,"steem":{"empty":true},"steem_votes":0,"type":"collection"}'),
(79, 'openmic-w104-trilumia-azul', '{"title":"Azul","subtitle":"by @trilumia for Steemit OpenMic"}', '{"id":79,"publisher":{"id":1},"creator":{"id":1},"edition":{"id":79},"deployable":true,"steem":{"empty":true},"steem_votes":0,"type":"collection"}'),
(80, 'openmic-w104-dianakyv-cant-help-falling-in-love', '{"title":"Can\'t Help Falling in Love","subtitle":"by @dianakyv for Steemit OpenMic"}', '{"id":80,"publisher":{"id":1},"creator":{"id":1},"edition":{"id":80},"deployable":true,"steem":{"empty":true},"steem_votes":0,"type":"collection"}'),
(81, 'openmic-w104-mariajruizb-smile', '{"title":"Smile","subtitle":"by @mariajruizb for Steemit OpenMic"}', '{"id":81,"publisher":{"id":1},"creator":{"id":1},"edition":{"id":81},"deployable":true,"steem":{"empty":true},"steem_votes":0,"type":"collection"}'),
(82, 'openmic-w105-ilazramusic-se-trata-de-ti', '{"title":"Se Trata De Ti","subtitle":"by @ilazramusic for Steemit OpenMic"}', '{"id":82,"publisher":{"id":1},"creator":{"id":1},"edition":{"id":82},"deployable":true,"steem":{"empty":true},"steem_votes":0,"type":"collection"}'),
(83, 'openmic-w105-moccamonica-feeling-good', '{"title":"Feeling Good","subtitle":"by @moccamonica for Steemit OpenMic"}', '{"id":83,"publisher":{"id":1},"creator":{"id":1},"edition":{"id":83},"deployable":true,"steem":{"empty":true},"steem_votes":0,"type":"collection"}'),
(84, 'openmic-w105-natvegas-fireflies', '{"title":"Fireflies","subtitle":"by @natvegas for Steemit OpenMic"}', '{"id":84,"publisher":{"id":1},"creator":{"id":1},"edition":{"id":84},"deployable":true,"steem":{"empty":true},"steem_votes":0,"type":"collection"}'),
(85, 'openmic-w105-davidcentenor-brazos-de-sol', '{"title":"Brazos de Sol","subtitle":"by @davidcentenor for Steemit OpenMic"}', '{"id":85,"publisher":{"id":1},"creator":{"id":1},"edition":{"id":85},"deployable":true,"steem":{"empty":true},"steem_votes":0,"type":"collection"}'),
(86, 'openmic-w105-wilins-animales', '{"title":"Animales","subtitle":"by @wilins for Steemit OpenMic"}', '{"id":86,"publisher":{"id":1},"creator":{"id":1},"edition":{"id":86},"deployable":true,"steem":{"empty":true},"steem_votes":0,"type":"collection"}');




INSERT INTO `collectible` (`id`, `publisher`, `creator`, `edition`, `deployable`, `steem`, `steem_votes`, `type`, `_sub_table`) VALUES
(77, 1, 1, 77, 1, '{"empty":true}', 0, 'collection', 'card'),
(78, 1, 1, 78, 1, '{"empty":true}', 0, 'collection', 'card'),
(79, 1, 1, 79, 1, '{"empty":true}', 0, 'collection', 'card'),
(80, 1, 1, 80, 1, '{"empty":true}', 0, 'collection', 'card'),
(81, 1, 1, 81, 1, '{"empty":true}', 0, 'collection', 'card'),
(82, 1, 1, 82, 1, '{"empty":true}', 0, 'collection', 'card'),
(83, 1, 1, 83, 1, '{"empty":true}', 0, 'collection', 'card'),
(84, 1, 1, 84, 1, '{"empty":true}', 0, 'collection', 'card'),
(85, 1, 1, 85, 1, '{"empty":true}', 0, 'collection', 'card'),
(86, 1, 1, 86, 1, '{"empty":true}', 0, 'collection', 'card');




INSERT INTO `edition` (`id`, `collectible`, `creator`, `url`, `preload`, `preview`, `data`, `deploy`, `copies`, `released`, `released_time`) VALUES
(77, 77, 1, 'first', '["\\/assets\\/backgrounds\\/adventure-architecture-bank-458857.jpg"]', '{"images":{"opengraph":".\\/assets\\/cards\\/openmic\\/images\\/opengraph\\/openmic-w104-pechichemena-el-molino.png","fullsize":".\\/assets\\/cards\\/openmic\\/images\\/fullsize\\/openmic-w104-pechichemena-el-molino.png","thumbnail":".\\/assets\\/cards\\/openmic\\/images\\/thumbnail\\/openmic-w104-pechichemena-el-molino.png"},"colors":{"bg":"#382E1A"}}', '{"week":"104","position":"1","slug":"openmic-w104-pechichemena-el-molino","youtube":"GsvNGyprIDs","steemuser":"pechichemena","permlink":"steemit-open-mic-week-104-el-molino-original-song","title":"El Molino","bgimage":"\\/assets\\/backgrounds\\/adventure-architecture-bank-458857.jpg","link":"https:\\/\\/steemit.com\\/openmic\\/@pechichemena\\/steemit-open-mic-week-104-el-molino-original-song","original":true,"color":"#382E1A","has_lyrics":true,"lyrics":"La voz de su pecho\\nesta sentada al lado del sendero\\nSu sed en un gotero\\nva secando poco a poco el suelo\\nSus pies que marcan en el agua\\nsu dolor, su tiempo\\nLa brisa que vestir\\u00e1 sus sue\\u00f1os de color\\ny versos la visitan\\n\\nSon palabras que recorrer\\u00e1n tu cielo\\nUn velero que descansar\\u00e1 en tu puerto\\nUn molino que te viste con destellos\\nque no se cansa de girar"}', '{"comp":"root","children":[{"comp":"grid","data":{"rows":[[{"height":"10vh"}],{"grow":0,"cols":[1]},[{"grow":1}],[{"height":"3vh"}]]},"children":[{"comp":"background","data":{"color":"white","image":{"url":"\\/assets\\/cards\\/openmic\\/images\\/steemit.svg","position":"left","repeat":"no-repeat","size":"contain"}}},{"comp":"background","data":{"color":"grey","padding-sm":true,"container":true},"children":[{"comp":"grid","data":{"rows":[[{"grow":1},{"grow":0}]]},"children":[{"comp":"label","data":{"class":"text-xl-left white-text","text":"El Molino"}},{"comp":"menu","data":{"menu":[{"text":"Video","class":"btn btn-sm btn-outline-white","section":"main","value":"Video"},{"text":"Lyrics","class":"btn btn-sm btn-outline-white","section":"main","value":"Lyrics","hidden":false},{"text":"Steemit post","class":"btn btn-sm btn-outline-white","link":"https:\\/\\/steemit.com\\/openmic\\/@pechichemena\\/steemit-open-mic-week-104-el-molino-original-song"}]}}]}]},{"comp":"background","data":{"color":"rgba(72, 72, 72, 0.0)","gradient":{"dir":"top","points":[{"color":"rgba(0,0,0,0.6)","percent":0},{"color":"rgba(0,0,0,0.0)","percent":30},{"color":"rgba(0,0,0,0.0)","percent":70},{"color":"rgba(0,0,0,0.6)","percent":100}]},"image":{"url":"\\/assets\\/backgrounds\\/adventure-architecture-bank-458857.jpg","repeat":"no-repeat","size":"cover","position":"center","blend-mode":"multiply"}},"children":[{"comp":"section","data":{"name":"main","current":"Video","sections":["Video","Lyrics"]},"children":[{"comp":"video","data":{"youtube":{"videoId":"GsvNGyprIDs","autoplay":false}}},{"comp":"background","data":{"container":true,"padding":true},"children":[{"comp":"background","data":{"color":"rgba(0,0,0,0.3)","fgcolor":"white","padding":true,"expand":true},"children":[{"comp":"scrolleable","children":[{"comp":"markdown","data":{"markdown":"# Lyrics  \\n\\nLa voz de su pecho  \\nesta sentada al lado del sendero  \\nSu sed en un gotero  \\nva secando poco a poco el suelo  \\nSus pies que marcan en el agua  \\nsu dolor, su tiempo  \\nLa brisa que vestir\\u00e1 sus sue\\u00f1os de color  \\ny versos la visitan \\n\\nSon palabras que recorrer\\u00e1n tu cielo  \\nUn velero que descansar\\u00e1 en tu puerto  \\nUn molino que te viste con destellos  \\nque no se cansa de girar"}}]}]}]}]}]},{"comp":"background","data":{"color":"#FFF"}}]}],"data":{"week":"104","position":"1","slug":"openmic-w104-pechichemena-el-molino","youtube":"GsvNGyprIDs","steemuser":"pechichemena","permlink":"steemit-open-mic-week-104-el-molino-original-song","title":"El Molino","bgimage":"\\/assets\\/backgrounds\\/adventure-architecture-bank-458857.jpg","link":"https:\\/\\/steemit.com\\/openmic\\/@pechichemena\\/steemit-open-mic-week-104-el-molino-original-song","original":true,"color":"#382E1A","has_lyrics":true,"lyrics":"La voz de su pecho\\nesta sentada al lado del sendero\\nSu sed en un gotero\\nva secando poco a poco el suelo\\nSus pies que marcan en el agua\\nsu dolor, su tiempo\\nLa brisa que vestir\\u00e1 sus sue\\u00f1os de color\\ny versos la visitan\\n\\nSon palabras que recorrer\\u00e1n tu cielo\\nUn velero que descansar\\u00e1 en tu puerto\\nUn molino que te viste con destellos\\nque no se cansa de girar"}}', 0, 1, '2018-10-13 20:31:25'),
(78, 78, 1, 'first', '["\\/assets\\/backgrounds\\/14473-steemit-mesh-line-red-pattern-700x393.jpg"]', '{"images":{"opengraph":".\\/assets\\/cards\\/openmic\\/images\\/opengraph\\/openmic-w104-shookriya-steemit-open-mic-check.png","fullsize":".\\/assets\\/cards\\/openmic\\/images\\/fullsize\\/openmic-w104-shookriya-steemit-open-mic-check.png","thumbnail":".\\/assets\\/cards\\/openmic\\/images\\/thumbnail\\/openmic-w104-shookriya-steemit-open-mic-check.png"},"colors":{"bg":"#2B0008"}}', '{"week":"104","position":"2","slug":"openmic-w104-shookriya-steemit-open-mic-check","youtube":"M374dzkw87k","steemuser":"shookriya","permlink":"p9w3l9lt","title":"Steemit Open Mic Check","bgimage":"\\/assets\\/backgrounds\\/14473-steemit-mesh-line-red-pattern-700x393.jpg","link":"https:\\/\\/steemit.com\\/openmic\\/@shookriya\\/p9w3l9lt","original":true,"color":"#2B0008","has_lyrics":true,"lyrics":"Steemit Openmic Check 1 2 1 2\\nThose stinky boys be crypto hustling\\nSteemit Openmic Check 1 2 1 2\\nLuzcypher\\u2019s got this blockchain bustin\\n\\nLike a crypto, I\\u2019m working on proof of brain\\nYou\\u2019re a bad ICO, flushing dollars down the drain\\nWatch out cause, here it comes again\\nYou\\u2019re gonna end up with a trouser stain\\nI\\u2019ll make you say my token name\\nOr get knocked off the block chain cause\\nAll yall\\u2019s knicker\\u2019s sound the same (fart)\\nYour lack of creativity\\u2019s a shame\\nAnd even though my rhymes are lame\\nI\\u2019ll get my 10 seconds of fame cause I\\u2019m\\nDropping cash on bid bots\\nHow much did I spend? (A lot).\\nCause getting it up on the trending page just\\nMakes me feel so clucking hot\\nWhether you like my shit or not it\\u2019ll never go\\nAway, (though it will be forgotten)\\nCause nothing on the blockchain can ever be removed\\n(No matter how rotten)\\n\\nSteemit Openmic Check 1 2 1 2\\nNice post, follow me and I\\u2019ll follow you\\nSteemit Openmic Check 1 2 1 2\\nI like your words man but are any of em true?\\n\\nWhat am I looking for on Steemit?\\nUsing this platform as a pulpit\\nWhether or not you\\u2019re listening\\nI\\u2019m gonna make you all go apeshit\\nIn every opening I\\u2019ll fit, (subliminal\\nMessaging) just a minute\\nThats why sooner or later every one of my\\nSongs will be a hit my beats got you like\\nZombies shakin your bits, then you\\u2019ll be\\nRolling around in fits\\nBefore I\\u2019m done every block on this whole\\nChain is gonna be lit. Thats it."}', '{"comp":"root","children":[{"comp":"grid","data":{"rows":[[{"height":"10vh"}],{"grow":0,"cols":[1]},[{"grow":1}],[{"height":"3vh"}]]},"children":[{"comp":"background","data":{"color":"white","image":{"url":"\\/assets\\/cards\\/openmic\\/images\\/steemit.svg","position":"left","repeat":"no-repeat","size":"contain"}}},{"comp":"background","data":{"color":"grey","padding-sm":true,"container":true},"children":[{"comp":"grid","data":{"rows":[[{"grow":1},{"grow":0}]]},"children":[{"comp":"label","data":{"class":"text-xl-left white-text","text":"Steemit Open Mic Check"}},{"comp":"menu","data":{"menu":[{"text":"Video","class":"btn btn-sm btn-outline-white","section":"main","value":"Video"},{"text":"Lyrics","class":"btn btn-sm btn-outline-white","section":"main","value":"Lyrics","hidden":false},{"text":"Steemit post","class":"btn btn-sm btn-outline-white","link":"https:\\/\\/steemit.com\\/openmic\\/@shookriya\\/p9w3l9lt"}]}}]}]},{"comp":"background","data":{"color":"rgba(72, 72, 72, 0.0)","gradient":{"dir":"top","points":[{"color":"rgba(0,0,0,0.6)","percent":0},{"color":"rgba(0,0,0,0.0)","percent":30},{"color":"rgba(0,0,0,0.0)","percent":70},{"color":"rgba(0,0,0,0.6)","percent":100}]},"image":{"url":"\\/assets\\/backgrounds\\/14473-steemit-mesh-line-red-pattern-700x393.jpg","repeat":"no-repeat","size":"cover","position":"center","blend-mode":"multiply"}},"children":[{"comp":"section","data":{"name":"main","current":"Video","sections":["Video","Lyrics"]},"children":[{"comp":"video","data":{"youtube":{"videoId":"M374dzkw87k","autoplay":false}}},{"comp":"background","data":{"container":true,"padding":true},"children":[{"comp":"background","data":{"color":"rgba(0,0,0,0.3)","fgcolor":"white","padding":true,"expand":true},"children":[{"comp":"scrolleable","children":[{"comp":"markdown","data":{"markdown":"# Lyrics  \\n\\nSteemit Openmic Check 1 2 1 2  \\nThose stinky boys be crypto hustling  \\nSteemit Openmic Check 1 2 1 2  \\nLuzcypher\\u2019s got this blockchain bustin \\n\\nLike a crypto, I\\u2019m working on proof of brain  \\nYou\\u2019re a bad ICO, flushing dollars down the drain  \\nWatch out cause, here it comes again  \\nYou\\u2019re gonna end up with a trouser stain  \\nI\\u2019ll make you say my token name  \\nOr get knocked off the block chain cause  \\nAll yall\\u2019s knicker\\u2019s sound the same (fart)  \\nYour lack of creativity\\u2019s a shame  \\nAnd even though my rhymes are lame  \\nI\\u2019ll get my 10 seconds of fame cause I\\u2019m  \\nDropping cash on bid bots  \\nHow much did I spend? (A lot).  \\nCause getting it up on the trending page just  \\nMakes me feel so clucking hot  \\nWhether you like my shit or not it\\u2019ll never go  \\nAway, (though it will be forgotten)  \\nCause nothing on the blockchain can ever be removed  \\n(No matter how rotten) \\n\\nSteemit Openmic Check 1 2 1 2  \\nNice post, follow me and I\\u2019ll follow you  \\nSteemit Openmic Check 1 2 1 2  \\nI like your words man but are any of em true? \\n\\nWhat am I looking for on Steemit?  \\nUsing this platform as a pulpit  \\nWhether or not you\\u2019re listening  \\nI\\u2019m gonna make you all go apeshit  \\nIn every opening I\\u2019ll fit, (subliminal  \\nMessaging) just a minute  \\nThats why sooner or later every one of my  \\nSongs will be a hit my beats got you like  \\nZombies shakin your bits, then you\\u2019ll be  \\nRolling around in fits  \\nBefore I\\u2019m done every block on this whole  \\nChain is gonna be lit. Thats it."}}]}]}]}]}]},{"comp":"background","data":{"color":"#FFF"}}]}],"data":{"week":"104","position":"2","slug":"openmic-w104-shookriya-steemit-open-mic-check","youtube":"M374dzkw87k","steemuser":"shookriya","permlink":"p9w3l9lt","title":"Steemit Open Mic Check","bgimage":"\\/assets\\/backgrounds\\/14473-steemit-mesh-line-red-pattern-700x393.jpg","link":"https:\\/\\/steemit.com\\/openmic\\/@shookriya\\/p9w3l9lt","original":true,"color":"#2B0008","has_lyrics":true,"lyrics":"Steemit Openmic Check 1 2 1 2\\nThose stinky boys be crypto hustling\\nSteemit Openmic Check 1 2 1 2\\nLuzcypher\\u2019s got this blockchain bustin\\n\\nLike a crypto, I\\u2019m working on proof of brain\\nYou\\u2019re a bad ICO, flushing dollars down the drain\\nWatch out cause, here it comes again\\nYou\\u2019re gonna end up with a trouser stain\\nI\\u2019ll make you say my token name\\nOr get knocked off the block chain cause\\nAll yall\\u2019s knicker\\u2019s sound the same (fart)\\nYour lack of creativity\\u2019s a shame\\nAnd even though my rhymes are lame\\nI\\u2019ll get my 10 seconds of fame cause I\\u2019m\\nDropping cash on bid bots\\nHow much did I spend? (A lot).\\nCause getting it up on the trending page just\\nMakes me feel so clucking hot\\nWhether you like my shit or not it\\u2019ll never go\\nAway, (though it will be forgotten)\\nCause nothing on the blockchain can ever be removed\\n(No matter how rotten)\\n\\nSteemit Openmic Check 1 2 1 2\\nNice post, follow me and I\\u2019ll follow you\\nSteemit Openmic Check 1 2 1 2\\nI like your words man but are any of em true?\\n\\nWhat am I looking for on Steemit?\\nUsing this platform as a pulpit\\nWhether or not you\\u2019re listening\\nI\\u2019m gonna make you all go apeshit\\nIn every opening I\\u2019ll fit, (subliminal\\nMessaging) just a minute\\nThats why sooner or later every one of my\\nSongs will be a hit my beats got you like\\nZombies shakin your bits, then you\\u2019ll be\\nRolling around in fits\\nBefore I\\u2019m done every block on this whole\\nChain is gonna be lit. Thats it."}}', 0, 1, '2018-10-13 20:31:26'),
(79, 79, 1, 'first', '["\\/assets\\/backgrounds\\/beach-blue-sky-boat-462067.jpg"]', '{"images":{"opengraph":".\\/assets\\/cards\\/openmic\\/images\\/opengraph\\/openmic-w104-trilumia-azul.png","fullsize":".\\/assets\\/cards\\/openmic\\/images\\/fullsize\\/openmic-w104-trilumia-azul.png","thumbnail":".\\/assets\\/cards\\/openmic\\/images\\/thumbnail\\/openmic-w104-trilumia-azul.png"},"colors":{"bg":"#0A2A3C"}}', '{"week":"104","position":"3","slug":"openmic-w104-trilumia-azul","youtube":"YCJUur0Bg0k","steemuser":"trilumia","permlink":"azul-trilu-mia-djavan-or-steemit-open-mic-week-104","title":"Azul","bgimage":"\\/assets\\/backgrounds\\/beach-blue-sky-boat-462067.jpg","link":"https:\\/\\/steemit.com\\/openmic\\/@trilumia\\/azul-trilu-mia-djavan-or-steemit-open-mic-week-104","color":"#0A2A3C","has_lyrics":true,"lyrics":"Eu n\\u00e3o sei\\nSe vem de Deus\\nDo c\\u00e9u ficar azul\\nOu vir\\u00e1\\nDos olhos teus\\nEssa cor\\nQue azuleja o dia\\n\\nSe acaso anoitecer\\nE o c\\u00e9u perder o azul\\nEntre o mar e o entardecer\\nAlga marinha, v\\u00e1 na maresia\\nBuscar ali um cheiro de azul\\nEssa cor n\\u00e3o sai de mim\\nBate e finca p\\u00e9\\nA sangue de rei\\n\\nAt\\u00e9 o sol nascer amarelinho\\nQueimando mansinho\\nCedinho, cedinho (cedinho)\\nCorre e v\\u00e1 dizer\\nPro meu benzinho\\nUm dizer assim\\nO amor \\u00e9 azulzinho\\n\\nAt\\u00e9 o sol nascer amarelinho\\nQueimando mansinho\\nCedinho, cedinho cedinho\\nCorre e v\\u00e1 dizer\\nPro meu benzinho\\nUm dizer assim\\nO amor \\u00e9 azulzinho"}', '{"comp":"root","children":[{"comp":"grid","data":{"rows":[[{"height":"10vh"}],{"grow":0,"cols":[1]},[{"grow":1}],[{"height":"3vh"}]]},"children":[{"comp":"background","data":{"color":"white","image":{"url":"\\/assets\\/cards\\/openmic\\/images\\/steemit.svg","position":"left","repeat":"no-repeat","size":"contain"}}},{"comp":"background","data":{"color":"grey","padding-sm":true,"container":true},"children":[{"comp":"grid","data":{"rows":[[{"grow":1},{"grow":0}]]},"children":[{"comp":"label","data":{"class":"text-xl-left white-text","text":"Azul"}},{"comp":"menu","data":{"menu":[{"text":"Video","class":"btn btn-sm btn-outline-white","section":"main","value":"Video"},{"text":"Lyrics","class":"btn btn-sm btn-outline-white","section":"main","value":"Lyrics","hidden":false},{"text":"Steemit post","class":"btn btn-sm btn-outline-white","link":"https:\\/\\/steemit.com\\/openmic\\/@trilumia\\/azul-trilu-mia-djavan-or-steemit-open-mic-week-104"}]}}]}]},{"comp":"background","data":{"color":"rgba(72, 72, 72, 0.0)","gradient":{"dir":"top","points":[{"color":"rgba(0,0,0,0.6)","percent":0},{"color":"rgba(0,0,0,0.0)","percent":30},{"color":"rgba(0,0,0,0.0)","percent":70},{"color":"rgba(0,0,0,0.6)","percent":100}]},"image":{"url":"\\/assets\\/backgrounds\\/beach-blue-sky-boat-462067.jpg","repeat":"no-repeat","size":"cover","position":"center","blend-mode":"multiply"}},"children":[{"comp":"section","data":{"name":"main","current":"Video","sections":["Video","Lyrics"]},"children":[{"comp":"video","data":{"youtube":{"videoId":"YCJUur0Bg0k","autoplay":false}}},{"comp":"background","data":{"container":true,"padding":true},"children":[{"comp":"background","data":{"color":"rgba(0,0,0,0.3)","fgcolor":"white","padding":true,"expand":true},"children":[{"comp":"scrolleable","children":[{"comp":"markdown","data":{"markdown":"# Lyrics  \\n\\nEu n\\u00e3o sei  \\nSe vem de Deus  \\nDo c\\u00e9u ficar azul  \\nOu vir\\u00e1  \\nDos olhos teus  \\nEssa cor  \\nQue azuleja o dia \\n\\nSe acaso anoitecer  \\nE o c\\u00e9u perder o azul  \\nEntre o mar e o entardecer  \\nAlga marinha, v\\u00e1 na maresia  \\nBuscar ali um cheiro de azul  \\nEssa cor n\\u00e3o sai de mim  \\nBate e finca p\\u00e9  \\nA sangue de rei \\n\\nAt\\u00e9 o sol nascer amarelinho  \\nQueimando mansinho  \\nCedinho, cedinho (cedinho)  \\nCorre e v\\u00e1 dizer  \\nPro meu benzinho  \\nUm dizer assim  \\nO amor \\u00e9 azulzinho \\n\\nAt\\u00e9 o sol nascer amarelinho  \\nQueimando mansinho  \\nCedinho, cedinho cedinho  \\nCorre e v\\u00e1 dizer  \\nPro meu benzinho  \\nUm dizer assim  \\nO amor \\u00e9 azulzinho"}}]}]}]}]}]},{"comp":"background","data":{"color":"#FFF"}}]}],"data":{"week":"104","position":"3","slug":"openmic-w104-trilumia-azul","youtube":"YCJUur0Bg0k","steemuser":"trilumia","permlink":"azul-trilu-mia-djavan-or-steemit-open-mic-week-104","title":"Azul","bgimage":"\\/assets\\/backgrounds\\/beach-blue-sky-boat-462067.jpg","link":"https:\\/\\/steemit.com\\/openmic\\/@trilumia\\/azul-trilu-mia-djavan-or-steemit-open-mic-week-104","color":"#0A2A3C","has_lyrics":true,"lyrics":"Eu n\\u00e3o sei\\nSe vem de Deus\\nDo c\\u00e9u ficar azul\\nOu vir\\u00e1\\nDos olhos teus\\nEssa cor\\nQue azuleja o dia\\n\\nSe acaso anoitecer\\nE o c\\u00e9u perder o azul\\nEntre o mar e o entardecer\\nAlga marinha, v\\u00e1 na maresia\\nBuscar ali um cheiro de azul\\nEssa cor n\\u00e3o sai de mim\\nBate e finca p\\u00e9\\nA sangue de rei\\n\\nAt\\u00e9 o sol nascer amarelinho\\nQueimando mansinho\\nCedinho, cedinho (cedinho)\\nCorre e v\\u00e1 dizer\\nPro meu benzinho\\nUm dizer assim\\nO amor \\u00e9 azulzinho\\n\\nAt\\u00e9 o sol nascer amarelinho\\nQueimando mansinho\\nCedinho, cedinho cedinho\\nCorre e v\\u00e1 dizer\\nPro meu benzinho\\nUm dizer assim\\nO amor \\u00e9 azulzinho"}}', 0, 1, '2018-10-13 20:31:26'),
(80, 80, 1, 'first', '["\\/assets\\/backgrounds\\/dianakyv-falling-in-love.jpg"]', '{"images":{"opengraph":".\\/assets\\/cards\\/openmic\\/images\\/opengraph\\/openmic-w104-dianakyv-cant-help-falling-in-love.png","fullsize":".\\/assets\\/cards\\/openmic\\/images\\/fullsize\\/openmic-w104-dianakyv-cant-help-falling-in-love.png","thumbnail":".\\/assets\\/cards\\/openmic\\/images\\/thumbnail\\/openmic-w104-dianakyv-cant-help-falling-in-love.png"},"colors":{"bg":"#219DB5"}}', '{"week":"104","position":"4","slug":"openmic-w104-dianakyv-cant-help-falling-in-love","youtube":"MJhILLh32NA","steemuser":"dianakyv","permlink":"steemit-open-mic-week-104-can-t-help-falling-in-love-by-dianakyv","title":"Can\'t Help Falling in Love","bgimage":"\\/assets\\/backgrounds\\/dianakyv-falling-in-love.jpg","link":"https:\\/\\/steemit.com\\/openmic\\/@dianakyv\\/steemit-open-mic-week-104-can-t-help-falling-in-love-by-dianakyv","color":"#219DB5","has_lyrics":true,"lyrics":"Wise men say only fools rush in\\nBut I can\'t help falling in love with you\\nShall I stay?\\nWould it be a sin\\nIf I can\'t help falling in love with you?\\n\\nLike a river flows surely to the sea\\nDarling so it goes\\nSome things are meant to be\\nTake my hand, take my whole life too\\nFor I can\'t help falling in love with you\\n\\nLike a river flows surely to the sea\\nDarling so it goes\\nSome things are meant to be\\nTake my hand, take my whole life too\\nFor I can\'t help falling in love with you\\nFor I can\'t help falling in love with you"}', '{"comp":"root","children":[{"comp":"grid","data":{"rows":[[{"height":"10vh"}],{"grow":0,"cols":[1]},[{"grow":1}],[{"height":"3vh"}]]},"children":[{"comp":"background","data":{"color":"white","image":{"url":"\\/assets\\/cards\\/openmic\\/images\\/steemit.svg","position":"left","repeat":"no-repeat","size":"contain"}}},{"comp":"background","data":{"color":"grey","padding-sm":true,"container":true},"children":[{"comp":"grid","data":{"rows":[[{"grow":1},{"grow":0}]]},"children":[{"comp":"label","data":{"class":"text-xl-left white-text","text":"Can\'t Help Falling in Love"}},{"comp":"menu","data":{"menu":[{"text":"Video","class":"btn btn-sm btn-outline-white","section":"main","value":"Video"},{"text":"Lyrics","class":"btn btn-sm btn-outline-white","section":"main","value":"Lyrics","hidden":false},{"text":"Steemit post","class":"btn btn-sm btn-outline-white","link":"https:\\/\\/steemit.com\\/openmic\\/@dianakyv\\/steemit-open-mic-week-104-can-t-help-falling-in-love-by-dianakyv"}]}}]}]},{"comp":"background","data":{"color":"rgba(72, 72, 72, 0.0)","gradient":{"dir":"top","points":[{"color":"rgba(0,0,0,0.6)","percent":0},{"color":"rgba(0,0,0,0.0)","percent":30},{"color":"rgba(0,0,0,0.0)","percent":70},{"color":"rgba(0,0,0,0.6)","percent":100}]},"image":{"url":"\\/assets\\/backgrounds\\/dianakyv-falling-in-love.jpg","repeat":"no-repeat","size":"cover","position":"center","blend-mode":"multiply"}},"children":[{"comp":"section","data":{"name":"main","current":"Video","sections":["Video","Lyrics"]},"children":[{"comp":"video","data":{"youtube":{"videoId":"MJhILLh32NA","autoplay":false}}},{"comp":"background","data":{"container":true,"padding":true},"children":[{"comp":"background","data":{"color":"rgba(0,0,0,0.3)","fgcolor":"white","padding":true,"expand":true},"children":[{"comp":"scrolleable","children":[{"comp":"markdown","data":{"markdown":"# Lyrics  \\n\\nWise men say only fools rush in  \\nBut I can\'t help falling in love with you  \\nShall I stay?  \\nWould it be a sin  \\nIf I can\'t help falling in love with you? \\n\\nLike a river flows surely to the sea  \\nDarling so it goes  \\nSome things are meant to be  \\nTake my hand, take my whole life too  \\nFor I can\'t help falling in love with you \\n\\nLike a river flows surely to the sea  \\nDarling so it goes  \\nSome things are meant to be  \\nTake my hand, take my whole life too  \\nFor I can\'t help falling in love with you  \\nFor I can\'t help falling in love with you"}}]}]}]}]}]},{"comp":"background","data":{"color":"#FFF"}}]}],"data":{"week":"104","position":"4","slug":"openmic-w104-dianakyv-cant-help-falling-in-love","youtube":"MJhILLh32NA","steemuser":"dianakyv","permlink":"steemit-open-mic-week-104-can-t-help-falling-in-love-by-dianakyv","title":"Can\'t Help Falling in Love","bgimage":"\\/assets\\/backgrounds\\/dianakyv-falling-in-love.jpg","link":"https:\\/\\/steemit.com\\/openmic\\/@dianakyv\\/steemit-open-mic-week-104-can-t-help-falling-in-love-by-dianakyv","color":"#219DB5","has_lyrics":true,"lyrics":"Wise men say only fools rush in\\nBut I can\'t help falling in love with you\\nShall I stay?\\nWould it be a sin\\nIf I can\'t help falling in love with you?\\n\\nLike a river flows surely to the sea\\nDarling so it goes\\nSome things are meant to be\\nTake my hand, take my whole life too\\nFor I can\'t help falling in love with you\\n\\nLike a river flows surely to the sea\\nDarling so it goes\\nSome things are meant to be\\nTake my hand, take my whole life too\\nFor I can\'t help falling in love with you\\nFor I can\'t help falling in love with you"}}', 0, 1, '2018-10-13 20:31:27');
INSERT INTO `edition` (`id`, `collectible`, `creator`, `url`, `preload`, `preview`, `data`, `deploy`, `copies`, `released`, `released_time`) VALUES
(81, 81, 1, 'first', '["\\/assets\\/backgrounds\\/smile-charles-chaplin.jpg"]', '{"images":{"opengraph":".\\/assets\\/cards\\/openmic\\/images\\/opengraph\\/openmic-w104-mariajruizb-smile.png","fullsize":".\\/assets\\/cards\\/openmic\\/images\\/fullsize\\/openmic-w104-mariajruizb-smile.png","thumbnail":".\\/assets\\/cards\\/openmic\\/images\\/thumbnail\\/openmic-w104-mariajruizb-smile.png"},"colors":{"bg":"#272727"}}', '{"week":"104","position":"5","slug":"openmic-w104-mariajruizb-smile","youtube":"UqfyppHwUOw","steemuser":"mariajruizb","permlink":"steemit-open-mic-week-104-smile-by-mariajruizb","title":"Smile","bgimage":"\\/assets\\/backgrounds\\/smile-charles-chaplin.jpg","link":"https:\\/\\/steemit.com\\/openmic\\/@mariajruizb\\/steemit-open-mic-week-104-smile-by-mariajruizb","color":"#272727","has_lyrics":true,"lyrics":"Smile, though your heart is aching\\nSmile, even though it\'s breaking\\nWhen there are clouds in the sky\\nYou\'ll get by...\\nIf you smile\\nWith your fear and sorrow\\nSmile and maybe tomorrow\\nYou\'ll see the sun come shining through, for you\\nLight, up your face with gladness\\nHide, every trace of sadness\\nAlthough a tear may be ever so near\\nThat\'s the time you must keep on trying\\nSmile, what\'s the use of crying?\\nYou\'ll find that life is still worthwhile\\nIf you\'ll just smile\\nThat\'s the time you must keep on trying\\nSmile, what\'s the use of crying?\\nYou\'ll find that life is still worthwhile\\nIf you\'ll just smile."}', '{"comp":"root","children":[{"comp":"grid","data":{"rows":[[{"height":"10vh"}],{"grow":0,"cols":[1]},[{"grow":1}],[{"height":"3vh"}]]},"children":[{"comp":"background","data":{"color":"white","image":{"url":"\\/assets\\/cards\\/openmic\\/images\\/steemit.svg","position":"left","repeat":"no-repeat","size":"contain"}}},{"comp":"background","data":{"color":"grey","padding-sm":true,"container":true},"children":[{"comp":"grid","data":{"rows":[[{"grow":1},{"grow":0}]]},"children":[{"comp":"label","data":{"class":"text-xl-left white-text","text":"Smile"}},{"comp":"menu","data":{"menu":[{"text":"Video","class":"btn btn-sm btn-outline-white","section":"main","value":"Video"},{"text":"Lyrics","class":"btn btn-sm btn-outline-white","section":"main","value":"Lyrics","hidden":false},{"text":"Steemit post","class":"btn btn-sm btn-outline-white","link":"https:\\/\\/steemit.com\\/openmic\\/@mariajruizb\\/steemit-open-mic-week-104-smile-by-mariajruizb"}]}}]}]},{"comp":"background","data":{"color":"rgba(72, 72, 72, 0.0)","gradient":{"dir":"top","points":[{"color":"rgba(0,0,0,0.6)","percent":0},{"color":"rgba(0,0,0,0.0)","percent":30},{"color":"rgba(0,0,0,0.0)","percent":70},{"color":"rgba(0,0,0,0.6)","percent":100}]},"image":{"url":"\\/assets\\/backgrounds\\/smile-charles-chaplin.jpg","repeat":"no-repeat","size":"cover","position":"center","blend-mode":"multiply"}},"children":[{"comp":"section","data":{"name":"main","current":"Video","sections":["Video","Lyrics"]},"children":[{"comp":"video","data":{"youtube":{"videoId":"UqfyppHwUOw","autoplay":false}}},{"comp":"background","data":{"container":true,"padding":true},"children":[{"comp":"background","data":{"color":"rgba(0,0,0,0.3)","fgcolor":"white","padding":true,"expand":true},"children":[{"comp":"scrolleable","children":[{"comp":"markdown","data":{"markdown":"# Lyrics  \\n\\nSmile, though your heart is aching  \\nSmile, even though it\'s breaking  \\nWhen there are clouds in the sky  \\nYou\'ll get by...  \\nIf you smile  \\nWith your fear and sorrow  \\nSmile and maybe tomorrow  \\nYou\'ll see the sun come shining through, for you  \\nLight, up your face with gladness  \\nHide, every trace of sadness  \\nAlthough a tear may be ever so near  \\nThat\'s the time you must keep on trying  \\nSmile, what\'s the use of crying?  \\nYou\'ll find that life is still worthwhile  \\nIf you\'ll just smile  \\nThat\'s the time you must keep on trying  \\nSmile, what\'s the use of crying?  \\nYou\'ll find that life is still worthwhile  \\nIf you\'ll just smile."}}]}]}]}]}]},{"comp":"background","data":{"color":"#FFF"}}]}],"data":{"week":"104","position":"5","slug":"openmic-w104-mariajruizb-smile","youtube":"UqfyppHwUOw","steemuser":"mariajruizb","permlink":"steemit-open-mic-week-104-smile-by-mariajruizb","title":"Smile","bgimage":"\\/assets\\/backgrounds\\/smile-charles-chaplin.jpg","link":"https:\\/\\/steemit.com\\/openmic\\/@mariajruizb\\/steemit-open-mic-week-104-smile-by-mariajruizb","color":"#272727","has_lyrics":true,"lyrics":"Smile, though your heart is aching\\nSmile, even though it\'s breaking\\nWhen there are clouds in the sky\\nYou\'ll get by...\\nIf you smile\\nWith your fear and sorrow\\nSmile and maybe tomorrow\\nYou\'ll see the sun come shining through, for you\\nLight, up your face with gladness\\nHide, every trace of sadness\\nAlthough a tear may be ever so near\\nThat\'s the time you must keep on trying\\nSmile, what\'s the use of crying?\\nYou\'ll find that life is still worthwhile\\nIf you\'ll just smile\\nThat\'s the time you must keep on trying\\nSmile, what\'s the use of crying?\\nYou\'ll find that life is still worthwhile\\nIf you\'ll just smile."}}', 0, 1, '2018-10-13 20:31:27'),
(82, 82, 1, 'first', '["\\/assets\\/backgrounds\\/IMG_20180917_121427.jpg"]', '{"images":{"opengraph":".\\/assets\\/cards\\/openmic\\/images\\/opengraph\\/openmic-w105-ilazramusic-se-trata-de-ti.png","fullsize":".\\/assets\\/cards\\/openmic\\/images\\/fullsize\\/openmic-w105-ilazramusic-se-trata-de-ti.png","thumbnail":".\\/assets\\/cards\\/openmic\\/images\\/thumbnail\\/openmic-w105-ilazramusic-se-trata-de-ti.png"},"colors":{"bg":"#304865"}}', '{"week":"105","position":"1","slug":"openmic-w105-ilazramusic-se-trata-de-ti","youtube":"R5tRARtgq88","steemuser":"ilazramusic","permlink":"rzjqj8nf","title":"Se Trata De Ti","bgimage":"\\/assets\\/backgrounds\\/IMG_20180917_121427.jpg","link":"https:\\/\\/steemit.com\\/openmic\\/@ilazramusic\\/rzjqj8nf","original":true,"color":"#304865","has_lyrics":true,"lyrics":"## I\\nNo s\\u00e9 si encontrarte fue pura casualidad,\\nO si el destino te puso a prop\\u00f3sito en el lugar,\\nDonde te vi, donde yo te vi,\\nDonde te conoc\\u00ed,\\n\\nNo s\\u00e9 si eres mi alma gemela o mi otra mitad,\\nO si tantas coincidencias son solo por el azar,\\nPero te vi, entre todas yo te vi,\\nTe conoc\\u00ed, fue a ti a qui\\u00e9n conoc\\u00ed,\\n\\n## Pre-Coro\\nHoy quiero escribirte una poes\\u00eda,\\nAs\\u00ed no sepa de redacci\\u00f3n o de ortograf\\u00eda,\\nHoy yo quiero escribir, la mejor historia de amor,\\nPero no, no ser\\u00e1 posible si no,\\n\\n## Coro\\nSe trata de ti,\\nSe trata de ti,\\nSe trata de ti,\\nSe trata de ti,\\nHoy por ti aprendo a escribir,\\n\\n## II\\nEs que te vi y no s\\u00e9 qu\\u00e9 pas\\u00f3 en m\\u00ed,\\nFue como haber descubierto otra versi\\u00f3n de m\\u00ed, en ti,\\nFue como haber sentido una corriente el\\u00e9ctrica, y tu m\\u00e1gica,\\nTu belleza algo que no se encuentra,\\n\\nY te vi, t\\u00fa tas esplendida, con esa mirada,\\nY te vi, sigue sonriendo as\\u00ed, que me enamoro as\\u00ed,\\nY te vi, y te vi,\\nB\\u00e9same, b\\u00e9same as\\u00ed"}', '{"comp":"root","children":[{"comp":"grid","data":{"rows":[[{"height":"10vh"}],{"grow":0,"cols":[1]},[{"grow":1}],[{"height":"3vh"}]]},"children":[{"comp":"background","data":{"color":"white","image":{"url":"\\/assets\\/cards\\/openmic\\/images\\/steemit.svg","position":"left","repeat":"no-repeat","size":"contain"}}},{"comp":"background","data":{"color":"grey","padding-sm":true,"container":true},"children":[{"comp":"grid","data":{"rows":[[{"grow":1},{"grow":0}]]},"children":[{"comp":"label","data":{"class":"text-xl-left white-text","text":"Se Trata De Ti"}},{"comp":"menu","data":{"menu":[{"text":"Video","class":"btn btn-sm btn-outline-white","section":"main","value":"Video"},{"text":"Lyrics","class":"btn btn-sm btn-outline-white","section":"main","value":"Lyrics","hidden":false},{"text":"Steemit post","class":"btn btn-sm btn-outline-white","link":"https:\\/\\/steemit.com\\/openmic\\/@ilazramusic\\/rzjqj8nf"}]}}]}]},{"comp":"background","data":{"color":"rgba(72, 72, 72, 0.0)","gradient":{"dir":"top","points":[{"color":"rgba(0,0,0,0.6)","percent":0},{"color":"rgba(0,0,0,0.0)","percent":30},{"color":"rgba(0,0,0,0.0)","percent":70},{"color":"rgba(0,0,0,0.6)","percent":100}]},"image":{"url":"\\/assets\\/backgrounds\\/IMG_20180917_121427.jpg","repeat":"no-repeat","size":"cover","position":"center","blend-mode":"multiply"}},"children":[{"comp":"section","data":{"name":"main","current":"Video","sections":["Video","Lyrics"]},"children":[{"comp":"video","data":{"youtube":{"videoId":"R5tRARtgq88","autoplay":false}}},{"comp":"background","data":{"container":true,"padding":true},"children":[{"comp":"background","data":{"color":"rgba(0,0,0,0.3)","fgcolor":"white","padding":true,"expand":true},"children":[{"comp":"scrolleable","children":[{"comp":"markdown","data":{"markdown":"# Lyrics  \\n\\n## I  \\nNo s\\u00e9 si encontrarte fue pura casualidad,  \\nO si el destino te puso a prop\\u00f3sito en el lugar,  \\nDonde te vi, donde yo te vi,  \\nDonde te conoc\\u00ed, \\n\\nNo s\\u00e9 si eres mi alma gemela o mi otra mitad,  \\nO si tantas coincidencias son solo por el azar,  \\nPero te vi, entre todas yo te vi,  \\nTe conoc\\u00ed, fue a ti a qui\\u00e9n conoc\\u00ed, \\n\\n## Pre-Coro  \\nHoy quiero escribirte una poes\\u00eda,  \\nAs\\u00ed no sepa de redacci\\u00f3n o de ortograf\\u00eda,  \\nHoy yo quiero escribir, la mejor historia de amor,  \\nPero no, no ser\\u00e1 posible si no, \\n\\n## Coro  \\nSe trata de ti,  \\nSe trata de ti,  \\nSe trata de ti,  \\nSe trata de ti,  \\nHoy por ti aprendo a escribir, \\n\\n## II  \\nEs que te vi y no s\\u00e9 qu\\u00e9 pas\\u00f3 en m\\u00ed,  \\nFue como haber descubierto otra versi\\u00f3n de m\\u00ed, en ti,  \\nFue como haber sentido una corriente el\\u00e9ctrica, y tu m\\u00e1gica,  \\nTu belleza algo que no se encuentra, \\n\\nY te vi, t\\u00fa tas esplendida, con esa mirada,  \\nY te vi, sigue sonriendo as\\u00ed, que me enamoro as\\u00ed,  \\nY te vi, y te vi,  \\nB\\u00e9same, b\\u00e9same as\\u00ed"}}]}]}]}]}]},{"comp":"background","data":{"color":"#FFF"}}]}],"data":{"week":"105","position":"1","slug":"openmic-w105-ilazramusic-se-trata-de-ti","youtube":"R5tRARtgq88","steemuser":"ilazramusic","permlink":"rzjqj8nf","title":"Se Trata De Ti","bgimage":"\\/assets\\/backgrounds\\/IMG_20180917_121427.jpg","link":"https:\\/\\/steemit.com\\/openmic\\/@ilazramusic\\/rzjqj8nf","original":true,"color":"#304865","has_lyrics":true,"lyrics":"## I\\nNo s\\u00e9 si encontrarte fue pura casualidad,\\nO si el destino te puso a prop\\u00f3sito en el lugar,\\nDonde te vi, donde yo te vi,\\nDonde te conoc\\u00ed,\\n\\nNo s\\u00e9 si eres mi alma gemela o mi otra mitad,\\nO si tantas coincidencias son solo por el azar,\\nPero te vi, entre todas yo te vi,\\nTe conoc\\u00ed, fue a ti a qui\\u00e9n conoc\\u00ed,\\n\\n## Pre-Coro\\nHoy quiero escribirte una poes\\u00eda,\\nAs\\u00ed no sepa de redacci\\u00f3n o de ortograf\\u00eda,\\nHoy yo quiero escribir, la mejor historia de amor,\\nPero no, no ser\\u00e1 posible si no,\\n\\n## Coro\\nSe trata de ti,\\nSe trata de ti,\\nSe trata de ti,\\nSe trata de ti,\\nHoy por ti aprendo a escribir,\\n\\n## II\\nEs que te vi y no s\\u00e9 qu\\u00e9 pas\\u00f3 en m\\u00ed,\\nFue como haber descubierto otra versi\\u00f3n de m\\u00ed, en ti,\\nFue como haber sentido una corriente el\\u00e9ctrica, y tu m\\u00e1gica,\\nTu belleza algo que no se encuentra,\\n\\nY te vi, t\\u00fa tas esplendida, con esa mirada,\\nY te vi, sigue sonriendo as\\u00ed, que me enamoro as\\u00ed,\\nY te vi, y te vi,\\nB\\u00e9same, b\\u00e9same as\\u00ed"}}', 0, 1, '2018-10-13 20:31:28'),
(83, 83, 1, 'first', '["\\/assets\\/backgrounds\\/blues-cropped-DSC09976.jpg"]', '{"images":{"opengraph":".\\/assets\\/cards\\/openmic\\/images\\/opengraph\\/openmic-w105-moccamonica-feeling-good.png","fullsize":".\\/assets\\/cards\\/openmic\\/images\\/fullsize\\/openmic-w105-moccamonica-feeling-good.png","thumbnail":".\\/assets\\/cards\\/openmic\\/images\\/thumbnail\\/openmic-w105-moccamonica-feeling-good.png"},"colors":{"bg":"#101922"}}', '{"week":"105","position":"2","slug":"openmic-w105-moccamonica-feeling-good","youtube":"BEZYIORCwLE","steemuser":"moccamonica","permlink":"t5nsw695","title":"Feeling Good","bgimage":"/assets/backgrounds/blues-cropped-DSC09976.jpg","link":"https://steemit.com/openmic/@moccamonica/t5nsw695","original":false,"color":"#101922","has_lyrics":false}', '{"comp":"root","children":[{"comp":"grid","data":{"rows":[[{"height":"10vh"}],{"grow":0,"cols":[1]},[{"grow":1}],[{"height":"3vh"}]]},"children":[{"comp":"background","data":{"color":"white","image":{"url":"/assets/cards/openmic/images/steemit.svg","position":"left","repeat":"no-repeat","size":"contain"}}},{"comp":"background","data":{"color":"grey","padding-sm":true,"container":true},"children":[{"comp":"grid","data":{"rows":[[{"grow":1},{"grow":0}]]},"children":[{"comp":"label","data":{"class":"text-xl-left white-text","text":"Feeling Good"}},{"comp":"menu","data":{"menu":[{"text":"Video","class":"btn btn-sm btn-outline-white","section":"main","value":"Video"},{"text":"Lyrics","class":"btn btn-sm btn-outline-white","section":"main","value":"Lyrics","hidden":true},{"text":"Steemit post","class":"btn btn-sm btn-outline-white","link":"https://steemit.com/openmic/@moccamonica/t5nsw695"}]}}]}]},{"comp":"background","data":{"color":"rgba(72, 72, 72, 0.0)","gradient":{"dir":"top","points":[{"color":"rgba(0,0,0,0.6)","percent":0},{"color":"rgba(0,0,0,0.0)","percent":30},{"color":"rgba(0,0,0,0.0)","percent":70},{"color":"rgba(0,0,0,0.6)","percent":100}]},"image":{"url":"/assets/backgrounds/blues-cropped-DSC09976.jpg","repeat":"no-repeat","size":"cover","position":"center","blend-mode":"multiply"}},"children":[{"comp":"section","data":{"name":"main","current":"Video","sections":["Video","Lyrics"]},"children":[{"comp":"video","data":{"youtube":{"videoId":"BEZYIORCwLE","autoplay":false}}},{"comp":"background","data":{"container":true,"padding":true},"children":[]}]}]},{"comp":"background","data":{"color":"#FFF"}}]}],"data":{"week":"105","position":"2","slug":"openmic-w105-moccamonica-feeling-good","youtube":"BEZYIORCwLE","steemuser":"moccamonica","permlink":"t5nsw695","title":"Feeling Good","bgimage":"/assets/backgrounds/blues-cropped-DSC09976.jpg","link":"https://steemit.com/openmic/@moccamonica/t5nsw695","original":false,"color":"#101922","has_lyrics":false}}', 0, 1, '2018-10-13 20:31:28'),
(84, 84, 1, 'first', '["\\/assets\\/backgrounds\\/fireflies-02jpg-ecb427bd2112ad5a.jpg"]', '{"images":{"opengraph":".\\/assets\\/cards\\/openmic\\/images\\/opengraph\\/openmic-w105-natvegas-fireflies.png","fullsize":".\\/assets\\/cards\\/openmic\\/images\\/fullsize\\/openmic-w105-natvegas-fireflies.png","thumbnail":".\\/assets\\/cards\\/openmic\\/images\\/thumbnail\\/openmic-w105-natvegas-fireflies.png"},"colors":{"bg":"#4F4540"}}', '{"week":"105","position":"3","slug":"openmic-w105-natvegas-fireflies","youtube":"NSxwWycyjP4","steemuser":"natvegas","permlink":"steemit-open-mic-week-105-owl-city-fireflies-acoustic-cover-by-nat-vegas","title":"Fireflies","bgimage":"\\/assets\\/backgrounds\\/fireflies-02jpg-ecb427bd2112ad5a.jpg","link":"https:\\/\\/steemit.com\\/openmic\\/@natvegas\\/steemit-open-mic-week-105-owl-city-fireflies-acoustic-cover-by-nat-vegas","color":"#4F4540"}', '{"comp":"root","children":[{"comp":"grid","data":{"rows":[[{"height":"10vh"}],{"grow":0,"cols":[1]},[{"grow":1}],[{"height":"3vh"}]]},"children":[{"comp":"background","data":{"color":"white","image":{"url":"\\/assets\\/cards\\/openmic\\/images\\/steemit.svg","position":"left","repeat":"no-repeat","size":"contain"}}},{"comp":"background","data":{"color":"grey","padding-sm":true,"container":true},"children":[{"comp":"grid","data":{"rows":[[{"grow":1},{"grow":0}]]},"children":[{"comp":"label","data":{"class":"text-xl-left white-text","text":"Fireflies"}},{"comp":"menu","data":{"menu":[{"text":"Video","class":"btn btn-sm btn-outline-white","section":"main","value":"Video"},{"text":"Lyrics","class":"btn btn-sm btn-outline-white","section":"main","value":"Lyrics","hidden":true},{"text":"Steemit post","class":"btn btn-sm btn-outline-white","link":"https:\\/\\/steemit.com\\/openmic\\/@natvegas\\/steemit-open-mic-week-105-owl-city-fireflies-acoustic-cover-by-nat-vegas"}]}}]}]},{"comp":"background","data":{"color":"rgba(72, 72, 72, 0.0)","gradient":{"dir":"top","points":[{"color":"rgba(0,0,0,0.6)","percent":0},{"color":"rgba(0,0,0,0.0)","percent":30},{"color":"rgba(0,0,0,0.0)","percent":70},{"color":"rgba(0,0,0,0.6)","percent":100}]},"image":{"url":"\\/assets\\/backgrounds\\/fireflies-02jpg-ecb427bd2112ad5a.jpg","repeat":"no-repeat","size":"cover","position":"center","blend-mode":"multiply"}},"children":[{"comp":"section","data":{"name":"main","current":"Video","sections":["Video","Lyrics"]},"children":[{"comp":"video","data":{"youtube":{"videoId":"NSxwWycyjP4","autoplay":false}}},{"comp":"background","data":{"container":true,"padding":true},"children":[{"comp":"background","data":{"color":"rgba(0,0,0,0.3)","fgcolor":"white","padding":true,"expand":true},"children":[{"comp":"scrolleable","children":[{"comp":"markdown","data":{"markdown":"# Lyrics  \\n\\n## I  \\nNo s\\u00e9 si encontrarte fue pura casualidad,  \\nO si el destino te puso a prop\\u00f3sito en el lugar,  \\nDonde te vi, donde yo te vi,  \\nDonde te conoc\\u00ed, \\n\\nNo s\\u00e9 si eres mi alma gemela o mi otra mitad,  \\nO si tantas coincidencias son solo por el azar,  \\nPero te vi, entre todas yo te vi,  \\nTe conoc\\u00ed, fue a ti a qui\\u00e9n conoc\\u00ed, \\n\\n## Pre-Coro  \\nHoy quiero escribirte una poes\\u00eda,  \\nAs\\u00ed no sepa de redacci\\u00f3n o de ortograf\\u00eda,  \\nHoy yo quiero escribir, la mejor historia de amor,  \\nPero no, no ser\\u00e1 posible si no, \\n\\n## Coro  \\nSe trata de ti,  \\nSe trata de ti,  \\nSe trata de ti,  \\nSe trata de ti,  \\nHoy por ti aprendo a escribir, \\n\\n## II  \\nEs que te vi y no s\\u00e9 qu\\u00e9 pas\\u00f3 en m\\u00ed,  \\nFue como haber descubierto otra versi\\u00f3n de m\\u00ed, en ti,  \\nFue como haber sentido una corriente el\\u00e9ctrica, y tu m\\u00e1gica,  \\nTu belleza algo que no se encuentra, \\n\\nY te vi, t\\u00fa tas esplendida, con esa mirada,  \\nY te vi, sigue sonriendo as\\u00ed, que me enamoro as\\u00ed,  \\nY te vi, y te vi,  \\nB\\u00e9same, b\\u00e9same as\\u00ed"}}]}]}]}]}]},{"comp":"background","data":{"color":"#FFF"}}]}],"data":{"week":"105","position":"3","slug":"openmic-w105-natvegas-fireflies","youtube":"NSxwWycyjP4","steemuser":"natvegas","permlink":"steemit-open-mic-week-105-owl-city-fireflies-acoustic-cover-by-nat-vegas","title":"Fireflies","bgimage":"\\/assets\\/backgrounds\\/fireflies-02jpg-ecb427bd2112ad5a.jpg","link":"https:\\/\\/steemit.com\\/openmic\\/@natvegas\\/steemit-open-mic-week-105-owl-city-fireflies-acoustic-cover-by-nat-vegas","color":"#4F4540"}}', 0, 1, '2018-10-13 20:31:29'),
(85, 85, 1, 'first', '["\\/assets\\/backgrounds\\/affection-blur-close-up-427547.jpg"]', '{"images":{"opengraph":".\\/assets\\/cards\\/openmic\\/images\\/opengraph\\/openmic-w105-davidcentenor-brazos-de-sol.png","fullsize":".\\/assets\\/cards\\/openmic\\/images\\/fullsize\\/openmic-w105-davidcentenor-brazos-de-sol.png","thumbnail":".\\/assets\\/cards\\/openmic\\/images\\/thumbnail\\/openmic-w105-davidcentenor-brazos-de-sol.png"},"colors":{"bg":"#4B350F"}}', '{"week":"105","position":"4","slug":"openmic-w105-davidcentenor-brazos-de-sol","youtube":"pEIZZqR0nw0","steemuser":"davidcentenor","permlink":"rdudp92m","title":"Brazos de Sol","bgimage":"\\/assets\\/backgrounds\\/affection-blur-close-up-427547.jpg","link":"https:\\/\\/steemit.com\\/openmic\\/@davidcentenor\\/rdudp92m","color":"#4B350F","has_lyrics":true,"lyrics":"Today I felt like it, not the muses\\ntoday I have no excuses or excuses to sing to you\\nto write you a verse and pick up from here\\nuntil the desire of the morning already to come.\\n\\nToday first of the second of the year\\nwhile this woman breaks the space to finally invent\\nto look at it all in silence and in profile\\nI take your hands as a stage to exist.\\n\\nAnd it does not matter what they say\\nthat is trite\\ntalk about love they curse\\nif you have not tried\\nthe night in his sunny arms.\\n\\nThe clock stops on us\\nthe ten that slide down his shoulders fall and the light sneaks\\nthat is entangled in your hair but you release it\\ngold and diamond for a moment of blue tone.\\n"}', '{"comp":"root","children":[{"comp":"grid","data":{"rows":[[{"height":"10vh"}],{"grow":0,"cols":[1]},[{"grow":1}],[{"height":"3vh"}]]},"children":[{"comp":"background","data":{"color":"white","image":{"url":"\\/assets\\/cards\\/openmic\\/images\\/steemit.svg","position":"left","repeat":"no-repeat","size":"contain"}}},{"comp":"background","data":{"color":"grey","padding-sm":true,"container":true},"children":[{"comp":"grid","data":{"rows":[[{"grow":1},{"grow":0}]]},"children":[{"comp":"label","data":{"class":"text-xl-left white-text","text":"Brazos de Sol"}},{"comp":"menu","data":{"menu":[{"text":"Video","class":"btn btn-sm btn-outline-white","section":"main","value":"Video"},{"text":"Lyrics","class":"btn btn-sm btn-outline-white","section":"main","value":"Lyrics","hidden":false},{"text":"Steemit post","class":"btn btn-sm btn-outline-white","link":"https:\\/\\/steemit.com\\/openmic\\/@davidcentenor\\/rdudp92m"}]}}]}]},{"comp":"background","data":{"color":"rgba(72, 72, 72, 0.0)","gradient":{"dir":"top","points":[{"color":"rgba(0,0,0,0.6)","percent":0},{"color":"rgba(0,0,0,0.0)","percent":30},{"color":"rgba(0,0,0,0.0)","percent":70},{"color":"rgba(0,0,0,0.6)","percent":100}]},"image":{"url":"\\/assets\\/backgrounds\\/affection-blur-close-up-427547.jpg","repeat":"no-repeat","size":"cover","position":"center","blend-mode":"multiply"}},"children":[{"comp":"section","data":{"name":"main","current":"Video","sections":["Video","Lyrics"]},"children":[{"comp":"video","data":{"youtube":{"videoId":"pEIZZqR0nw0","autoplay":false}}},{"comp":"background","data":{"container":true,"padding":true},"children":[{"comp":"background","data":{"color":"rgba(0,0,0,0.3)","fgcolor":"white","padding":true,"expand":true},"children":[{"comp":"scrolleable","children":[{"comp":"markdown","data":{"markdown":"# Lyrics  \\n\\nToday I felt like it, not the muses  \\ntoday I have no excuses or excuses to sing to you  \\nto write you a verse and pick up from here  \\nuntil the desire of the morning already to come. \\n\\nToday first of the second of the year  \\nwhile this woman breaks the space to finally invent  \\nto look at it all in silence and in profile  \\nI take your hands as a stage to exist. \\n\\nAnd it does not matter what they say  \\nthat is trite  \\ntalk about love they curse  \\nif you have not tried  \\nthe night in his sunny arms. \\n\\nThe clock stops on us  \\nthe ten that slide down his shoulders fall and the light sneaks  \\nthat is entangled in your hair but you release it  \\ngold and diamond for a moment of blue tone.  \\n"}}]}]}]}]}]},{"comp":"background","data":{"color":"#FFF"}}]}],"data":{"week":"105","position":"4","slug":"openmic-w105-davidcentenor-brazos-de-sol","youtube":"pEIZZqR0nw0","steemuser":"davidcentenor","permlink":"rdudp92m","title":"Brazos de Sol","bgimage":"\\/assets\\/backgrounds\\/affection-blur-close-up-427547.jpg","link":"https:\\/\\/steemit.com\\/openmic\\/@davidcentenor\\/rdudp92m","color":"#4B350F","has_lyrics":true,"lyrics":"Today I felt like it, not the muses\\ntoday I have no excuses or excuses to sing to you\\nto write you a verse and pick up from here\\nuntil the desire of the morning already to come.\\n\\nToday first of the second of the year\\nwhile this woman breaks the space to finally invent\\nto look at it all in silence and in profile\\nI take your hands as a stage to exist.\\n\\nAnd it does not matter what they say\\nthat is trite\\ntalk about love they curse\\nif you have not tried\\nthe night in his sunny arms.\\n\\nThe clock stops on us\\nthe ten that slide down his shoulders fall and the light sneaks\\nthat is entangled in your hair but you release it\\ngold and diamond for a moment of blue tone.\\n"}}', 0, 1, '2018-10-13 20:31:29'),
(86, 86, 1, 'first', '["\\/assets\\/backgrounds\\/lions-a4e864e483e2babc25e5af7a02cf617a--leo-love-i-love-you.jpg"]', '{"images":{"opengraph":".\\/assets\\/cards\\/openmic\\/images\\/opengraph\\/openmic-w105-wilins-animales.png","fullsize":".\\/assets\\/cards\\/openmic\\/images\\/fullsize\\/openmic-w105-wilins-animales.png","thumbnail":".\\/assets\\/cards\\/openmic\\/images\\/thumbnail\\/openmic-w105-wilins-animales.png"},"colors":{"bg":"#000000"}}', '{"week":"105","position":"5","slug":"openmic-w105-wilins-animales","youtube":"JQUoA7V8_CY","steemuser":"wilins","permlink":"steemit-openmic-week-105-animales-original-song-esp-eng","title":"Animales","bgimage":"\\/assets\\/backgrounds\\/lions-a4e864e483e2babc25e5af7a02cf617a--leo-love-i-love-you.jpg","link":"https:\\/\\/steemit.com\\/openmic\\/@wilins\\/steemit-openmic-week-105-animales-original-song-esp-eng","original":true,"color":"#000000","has_lyrics":true,"lyrics":"(I) Se me cierran los ojos y es la \\u00fanica forma de no equivocarme. Y, la verdad, ya no me quiero equivocar. Fue por ti, por esa puerta abierta... corretear ideales y no morder la mano que nos da de comer. La redacci\\u00f3n de dos piernas abiertas representando animales que se muerden si tienen ganas de morder.\\n(II) Se te cierran los ojos si bajo otro poco y decido quedarme... d\\u00f3nde sea que te quieras t\\u00fa quedar. Yo fui por ti y por tu mirada intermitente. Por no morder la mano que nos da de comer. La redacci\\u00f3n de dos piernas abiertas representando animales que se muerden si tienen ganas de morder.\\nDesarrollo: Fue por ti, porque me pones como un ni\\u00f1o cuando t\\u00fa te haces la ni\\u00f1a con lo que sientes tambi\\u00e9n. Fue por todo lo que yo hago y lo que digo cuando t\\u00fa te haces la ni\\u00f1a con lo que sientes tambi\\u00e9n. Fue por ti, porque me pones como un ni\\u00f1o cuando t\\u00fa te haces la ni\\u00f1a con lo que sientes tambi\\u00e9n. Fue por todo lo que yo hago y lo que escribo cuando t\\u00fa te haces la ni\\u00f1a con lo que sientes tambi\\u00e9n. Fue por cada jaula rota en el camino, cada vuelta, cada giro que nos dio ganas de morder."}', '{"comp":"root","children":[{"comp":"grid","data":{"rows":[[{"height":"10vh"}],{"grow":0,"cols":[1]},[{"grow":1}],[{"height":"3vh"}]]},"children":[{"comp":"background","data":{"color":"white","image":{"url":"\\/assets\\/cards\\/openmic\\/images\\/steemit.svg","position":"left","repeat":"no-repeat","size":"contain"}}},{"comp":"background","data":{"color":"grey","padding-sm":true,"container":true},"children":[{"comp":"grid","data":{"rows":[[{"grow":1},{"grow":0}]]},"children":[{"comp":"label","data":{"class":"text-xl-left white-text","text":"Animales"}},{"comp":"menu","data":{"menu":[{"text":"Video","class":"btn btn-sm btn-outline-white","section":"main","value":"Video"},{"text":"Lyrics","class":"btn btn-sm btn-outline-white","section":"main","value":"Lyrics","hidden":false},{"text":"Steemit post","class":"btn btn-sm btn-outline-white","link":"https:\\/\\/steemit.com\\/openmic\\/@wilins\\/steemit-openmic-week-105-animales-original-song-esp-eng"}]}}]}]},{"comp":"background","data":{"color":"rgba(72, 72, 72, 0.0)","gradient":{"dir":"top","points":[{"color":"rgba(0,0,0,0.6)","percent":0},{"color":"rgba(0,0,0,0.0)","percent":30},{"color":"rgba(0,0,0,0.0)","percent":70},{"color":"rgba(0,0,0,0.6)","percent":100}]},"image":{"url":"\\/assets\\/backgrounds\\/lions-a4e864e483e2babc25e5af7a02cf617a--leo-love-i-love-you.jpg","repeat":"no-repeat","size":"cover","position":"center","blend-mode":"multiply"}},"children":[{"comp":"section","data":{"name":"main","current":"Video","sections":["Video","Lyrics"]},"children":[{"comp":"video","data":{"youtube":{"videoId":"JQUoA7V8_CY","autoplay":false}}},{"comp":"background","data":{"container":true,"padding":true},"children":[{"comp":"background","data":{"color":"rgba(0,0,0,0.3)","fgcolor":"white","padding":true,"expand":true},"children":[{"comp":"scrolleable","children":[{"comp":"markdown","data":{"markdown":"# Lyrics  \\n\\n(I) Se me cierran los ojos y es la \\u00fanica forma de no equivocarme. Y, la verdad, ya no me quiero equivocar. Fue por ti, por esa puerta abierta... corretear ideales y no morder la mano que nos da de comer. La redacci\\u00f3n de dos piernas abiertas representando animales que se muerden si tienen ganas de morder.  \\n(II) Se te cierran los ojos si bajo otro poco y decido quedarme... d\\u00f3nde sea que te quieras t\\u00fa quedar. Yo fui por ti y por tu mirada intermitente. Por no morder la mano que nos da de comer. La redacci\\u00f3n de dos piernas abiertas representando animales que se muerden si tienen ganas de morder.  \\nDesarrollo: Fue por ti, porque me pones como un ni\\u00f1o cuando t\\u00fa te haces la ni\\u00f1a con lo que sientes tambi\\u00e9n. Fue por todo lo que yo hago y lo que digo cuando t\\u00fa te haces la ni\\u00f1a con lo que sientes tambi\\u00e9n. Fue por ti, porque me pones como un ni\\u00f1o cuando t\\u00fa te haces la ni\\u00f1a con lo que sientes tambi\\u00e9n. Fue por todo lo que yo hago y lo que escribo cuando t\\u00fa te haces la ni\\u00f1a con lo que sientes tambi\\u00e9n. Fue por cada jaula rota en el camino, cada vuelta, cada giro que nos dio ganas de morder."}}]}]}]}]}]},{"comp":"background","data":{"color":"#FFF"}}]}],"data":{"week":"105","position":"5","slug":"openmic-w105-wilins-animales","youtube":"JQUoA7V8_CY","steemuser":"wilins","permlink":"steemit-openmic-week-105-animales-original-song-esp-eng","title":"Animales","bgimage":"\\/assets\\/backgrounds\\/lions-a4e864e483e2babc25e5af7a02cf617a--leo-love-i-love-you.jpg","link":"https:\\/\\/steemit.com\\/openmic\\/@wilins\\/steemit-openmic-week-105-animales-original-song-esp-eng","original":true,"color":"#000000","has_lyrics":true,"lyrics":"(I) Se me cierran los ojos y es la \\u00fanica forma de no equivocarme. Y, la verdad, ya no me quiero equivocar. Fue por ti, por esa puerta abierta... corretear ideales y no morder la mano que nos da de comer. La redacci\\u00f3n de dos piernas abiertas representando animales que se muerden si tienen ganas de morder.\\n(II) Se te cierran los ojos si bajo otro poco y decido quedarme... d\\u00f3nde sea que te quieras t\\u00fa quedar. Yo fui por ti y por tu mirada intermitente. Por no morder la mano que nos da de comer. La redacci\\u00f3n de dos piernas abiertas representando animales que se muerden si tienen ganas de morder.\\nDesarrollo: Fue por ti, porque me pones como un ni\\u00f1o cuando t\\u00fa te haces la ni\\u00f1a con lo que sientes tambi\\u00e9n. Fue por todo lo que yo hago y lo que digo cuando t\\u00fa te haces la ni\\u00f1a con lo que sientes tambi\\u00e9n. Fue por ti, porque me pones como un ni\\u00f1o cuando t\\u00fa te haces la ni\\u00f1a con lo que sientes tambi\\u00e9n. Fue por todo lo que yo hago y lo que escribo cuando t\\u00fa te haces la ni\\u00f1a con lo que sientes tambi\\u00e9n. Fue por cada jaula rota en el camino, cada vuelta, cada giro que nos dio ganas de morder."}}', 0, 1, '2018-10-13 20:31:30');

-- -------